subset,predictor,n,pearson,spearman,mae_vs_pEC50
phase1,CNNaffinity,253,0.2438627810983981,0.2940471301218727,
phase1,CNNscore,253,0.16451573572501776,0.14946671432270903,
phase1,minimizedAffinity,253,-0.11163164614137729,-0.19997810281349035,
phase1,pred_pEC50_raw,152,0.14650816858713817,0.16934052897302435,2.423159856187107
anchors_docked,CNNaffinity,89,0.47187352755550116,0.4380440015186169,
anchors_docked,CNNscore,89,0.03060502040974266,0.10174974154476434,
anchors_docked,minimizedAffinity,89,-0.11026307367835356,-0.15309705527336956,
anchors_docked,pred_pEC50_raw,0,,,
