model,rae_boot_mean,rae_boot_std,rae_point,spearman,mae
docking_only,0.9702135687601572,0.02986359951187576,0.9662669618685819,0.28470543731976844,0.7717215201070244
fixed_blend,0.9743314494443048,0.029282568511300785,0.9703201041129056,0.2708361006021558,0.7749586142201779
sigmoid_gate,0.9746729875575529,0.02876642938841004,0.9707623849635445,0.267090234809538,0.7753118475023231
threshold_gate,0.9787282089615874,0.02956399444071186,0.9746880669992689,0.2695985940000446,0.7784471438827432
rbfe_only,1.0118041564062719,0.02723842696928612,1.0082664263135608,0.04638775494718658,0.8052649318392039
