threshold,compounds_connected,phase1_evaluable,spearman,pearson,mae
none,292,152,0.16847767123930313,0.1487291556900125,2.4777029238304262
3.0,234,122,0.1784151123374949,0.1831672424314672,2.4451494045006545
2.5,161,90,0.16916770249981514,0.20683983819279916,2.2706956751071274
2.0,75,45,0.2239862974303818,0.20698467941798102,2.3713532047500254
1.5,32,16,0.2352941176470588,0.474300089474231,2.020225453632965
1.0,6,3,,,
